{"cameraMode":{"drawMode":0,"name":"Shaded","section":"Shading Mode"},"sceneLighting":true,"audioPlay":false,"sceneViewState":{"showFog":false,"showMaterialUpdate":false,"showSkybox":false,"showFlares":false,"showImageEffects":false,"showParticleSystems":false,"showVisualEffectGraphs":true,"m_FxEnabled":true},"in2DMode":false,"pivot":{"x":31.134830474853517,"y":2.8893699645996095,"z":-2.1888771057128908},"rotation":{"x":-0.45670655369758608,"y":0.008536981418728829,"z":-0.0043844059109687809,"w":-0.8895738124847412},"size":12.666461944580079,"orthographic":false}